dataset,metric,elo,glicko,trueskill,bradley_terry,direct_prompt,self_consistency,chain_of_thought,explicit_chain_of_thought,implicit_chain_of_thought
icc-2023-2025,kendalltau-tau,,0.6666666666666666,0.611111111111111,,,0.7222222222222222,0.7222222222222222,0.6666666666666666,0.7777777777777778
icc-2023-2025,kendalltau-pvalue,,0.0126653439153439,0.0247409611992945,,,0.0058862433862433,0.0058862433862433,0.0126653439153439,0.0024250440917107582
icc-2023-2025,spearman-rho,,0.8333333333333333,0.8166666666666667,,,0.8499999999999999,0.8833333333333333,0.8166666666666667,0.9
icc-2023-2025,spearman-pvalue,,0.0052656910291617,0.0072247852463587,,,0.0037047773275858,0.0015905004234978,0.0072247852463587,0.0009430623223403293
icc-2023-2025,top_3_accuracy,,1.0,1.0,,,0.6666666666666666,0.6666666666666666,0.6666666666666666,0.6666666666666666
icc-2023-2025,top_5_accuracy,,1.0,1.0,,,1.0,1.0,1.0,1.0
icc-2023-2025,ndcg,,0.9283931613605604,0.9222079095222108,,,0.9515957771468452,0.95428629586731,0.9502319408520504,0.9549682140147074
