TeamA,TeamB,LLM_ProbA,LLM_ProbB,Est_ProbA,Est_ProbB,#TeamA_won,#TeamB_won,#drawn,#matches,Ex_Est_ProbA,Ex_Est_ProbB
Philadelphia Eagles,New York Giants,0.769,0.231,0.7692307692307693,0.23076923076923078,10,3,0,13,0.7692307692307693,0.23076923076923078
Cleveland Browns,Pittsburgh Steelers,0.462,0.615,0.38461538461538464,0.5384615384615384,5,7,1,13,0.4166666666666667,0.5833333333333334
Indianapolis Colts,Houston Texans,0.615,0.308,0.6153846153846154,0.3076923076923077,8,4,1,13,0.6666666666666666,0.3333333333333333
Miami Dolphins,Buffalo Bills,0.231,0.769,0.15384615384615385,0.8461538461538461,2,11,0,13,0.15384615384615385,0.8461538461538461
Arizona Cardinals,Los Angeles Rams,0.154,0.769,0.15384615384615385,0.8461538461538461,2,11,0,13,0.15384615384615385,0.8461538461538461
Indianapolis Colts,Jacksonville Jaguars,0.5,0.583,0.4166666666666667,0.5833333333333334,5,7,0,12,0.4166666666666667,0.5833333333333334
